street,number,zip,city,lat,lng
Graaf Wichman,59,1276KA,Huizen,52.29856362739184,5.243287484615544
Zuidwesterringweg,25TR,8309PG,Tollebeek,52.67398681742194,5.686008984775234
Anky van Grunsvenpad,9,3118JL,Schiedam,51.91951261499947,4.374497771515783
Handelsweg,6,4879AJ,Etten-Leur,51.565180184434,4.625251042638108
Beethovenstraat,49,6137PV,Sittard,50.99754083175716,5.883613011385856
Eduard Schilderinkstraat,344,7002JS,Doetinchem,51.97163892537242,6.314074055258248
Welenmosweg,1B,7548RT,Enschede,52.19093556074992,6.784008750395394
Karel Doormanstraat,106,6374VJ,Landgraaf,50.91076460027904,6.050943594662552
Klinkenbergstraat,1,2136AA,Zwaanshoek,52.311349665138216,4.616204584487364
Rillandstraat,9,5035BL,Tilburg,51.58933642599996,4.977819643475884
Eikenhoek,52,5473GZ,Heeswijk-Dinther,51.649316290555895,5.49340972282175
Valkenhof,35,4921WD,Made,51.66984053652949,4.789748165646562
Westerduinweg,24ah49,1753BA,Sint Maartensvlotbrug,52.79235345252638,4.690770795279001
A ge Veld,10,6281AJ,Mechelen,50.79743595037494,5.928622710682856
Beekbergenstraat,30,2573ND,'s-Gravenhage,52.06855537790478,4.281699877486684
D'Hondecoeterstraat,2G05,,Eindhoven,51.42528200048078,5.512269871043418
Cambridgelaan,1915,3584DW,Utrecht,52.082981778037045,5.17412380590564
Vlindermeent,101,1218CX,Hilversum,52.26933071145827,5.137124426360198
Horstra's Hof,4,7782RJ,De Krim,52.650437753524855,6.612704694786816
Wilgenhove,18,2295RA,Kwintsheul,52.01419484674075,4.258176613147969
Rijsenburgstraat,6,2546ER,'s-Gravenhage,52.05825916971673,4.2689815593801
Pr Hendrikstraat,23a,4631KA,Hoogerheide,51.42525015537256,4.328527699611505
Lamsoor,9,4341RW,Arnemuiden,51.51598584399673,3.710009796600539
Rieteweg,72,8041AK,Zwolle,52.51876565417528,6.067454188461149
Veldweg,22407,9449PW,Nooitgedacht,52.96604128335492,6.671325432127274
Dempseystraat,238,6135CM,Sittard,51.00638055496135,5.852420663170688
Kievitstraat,1,4131CX,Vianen,51.99076611545577,5.103989345732114
Mereveldlaan,40,3454CH,De Meern,52.07663623648824,5.035691014936708
Groenland,48,2548WC,'s-Gravenhage,52.02464807772186,4.296999886756083
Menenkamp,16A,3085GG,Rotterdam,51.87452008685812,4.491192529512958
Romkeslaan,49,8933AR,Leeuwarden,53.198381800415056,5.799627669294022
Knuppelweg,65,3823GH,Amersfoort,52.18746499963433,5.397986379250547
Heugterbroekdijk,8,6003RB,Weert,51.275269945772,5.703301379227956
Spierenburgstraat,21,4463ED,Goes,51.51839788487513,3.884934287280053
Aviolandaplein,10,3351ND,Papendrecht,51.82262062217308,4.679105447367173
Lahemaalaan,29,1362JT,Almere,52.34611337821756,5.158484126190493
E. van Weemselstraat,3,7651AJ,Tubbergen,52.40414531473401,6.783685329393013
Nijverheidsstraat,5,7482GZ,Haaksbergen,52.15693781119623,6.719116300963079
Jupiter,97,1188EE,Amstelveen,52.27939139775784,4.853190407678054
Sint Olofssteeg,7,1012AK,Amsterdam,52.37587492572285,4.900417426542369
Meertjesweg,3,7731PM,Ommen,52.49041174625135,6.456755050770447
Jacobastraat,17,7543TX,Enschede,52.208566417094886,6.876036922374978
Schuurmanstraat,7A,8011KC,Zwolle,52.5112461055443,6.101701743338709
Grutto,39,4231EN,Meerkerk,51.915171674885016,4.995205953370165
Nieuwe Gouw,2,1121GX,Landsmeer,52.42872057272957,4.913469523268652
Beslingastate,8,8926NG,Leeuwarden,53.21540853575745,5.842832013045289
Johan Jongkindstraat,3G8,1062CK,Amsterdam,52.35899374805054,4.840209375142718
Vliersingel,20,6371KH,Landgraaf,50.90705960141346,5.997465766335855
Conincksmeer,12,3645WG,Vinkeveen,52.21146457668426,4.927212719424232
Kerkdijk,8,4921XC,Made,51.67881086331177,4.775749445244196
Bluesroute,2,4337WB,Middelburg,51.48577809033856,3.628976361290944
Van Houtenstraat,59,4463TC,Goes,51.51047556527786,3.8812127693355354
Dwarsstraat,36,9718BN,Groningen,53.217334794138026,6.558690451169601
Burg. Paulssenstraat,11,6122EB,Buchten,51.043523915642496,5.812328812322831
Bleek,25,3841GC,Harderwijk,52.348964433013066,5.623445167743412
van Kinsbergenlaan,46,9675CX,Winschoten,53.15158103922554,7.032221726431683
De Vooghtstraat,26,4921EL,Made,51.67162753676992,4.784158985876515
Bostenstraat,21,6367HK,Voerendaal,50.85484965565201,5.945757782453634
Wingerdhoek,5,9713NR,Groningen,53.22397407787542,6.587578053719582
Zandwijksingel,21,3443EA,Woerden,52.089167576859474,4.88051601408084
Grovestins,23GA01,7608HK,Almelo,52.38189050143653,6.672051161040012
Augustusbloemweg,35,1508BB,Zaandam,52.45830010969704,4.8270645567992
de Alpen,5,8303GC,Emmeloord,52.71015250111133,5.73789696764032
Italiëstraat,56,6663PG,Lent,51.86965622272937,5.851253353480359
Het Duin,9,3823WZ,Amersfoort,52.19011514187613,5.394883810244748
Elzenstraat,42,1971KJ,IJmuiden,52.45502997804579,4.630102490205223
Souvereinburg,16,3437AL,Nieuwegein,52.04007387957285,5.07695070119756
Leerdamhof,350,1108CE,Amsterdam,52.30578946363406,4.976520074683322
Klaterweg,9RB34,8085SB,Doornspijk,52.38942208607063,5.833085201190578
Forellendaal,928,2553KS,'s-Gravenhage,52.04845244288824,4.236628370748541
Trijn Hullemanlaan,151,1069PS,Amsterdam,52.3517433123373,4.785213717096238
Acacialaan,16,8181GK,Heerde,52.38380362551021,6.036329672697804
Waarderweg,11a,6065EV,Montfort,51.13087910138272,5.949187107631724
Craeyenbergh,10,6611AV,Overasselt,51.75874871889933,5.791597038439711
Merellaan,23,5741JW,Beek en Donk,51.53178406345752,5.63223198964013
De Hofjes,42,3241ML,Middelharnis,51.753425225752366,4.176214543300993
Vrijenburglaan,179,2994HA,Barendrecht,51.85913671577792,4.498082536338315
De Karsseboom,14,1531PP,Wormer,52.49341262112199,4.807020555644305
Albast,47,2719TV,Zoetermeer,52.03271558148324,4.478675911474913
Korreweg,352,9715AS,Groningen,53.23516795521161,6.577292622697368
Schoutenlaan,41,4854AV,Bavel,51.564941740855446,4.824766171850945
Morgenweg,21,5406NJ,Uden,51.64509511961293,5.629738390971029
Sweelinckplein,50,5491LH,Sint-Oedenrode,51.57129405533888,5.448035582190071
Parallelweg,48,6961JX,Eerbeek,52.10653325660749,6.061145526440909
Evertsenstraat,16,3262PA,Oud-Beijerland,51.8262039540929,4.406826200245286
Podzolhamel,24,9403XC,Assen,53.02081518098712,6.59755793941788
Dopheide,9,4614PX,Bergen op Zoom,51.5081368036053,4.314317974888511
Geerhoek,18,2988HA,Ridderkerk,51.85485339961996,4.590672011088582
de Kei,358,8918BN,Leeuwarden,53.21733550093374,5.800333648398137
Weserlaan,23,5691MH,Son en Breugel,51.52804648620587,5.483581465357044
Wierickewijk,38,3831MC,Leusden,52.13096498913969,5.437140153067637
Noordeinde,109,2514GE,'s-Gravenhage,52.08296643164204,4.305193403545331
Wethouder van Heldenstraat,17,3181VK,Rozenburg,51.90508504694191,4.245004263993441
Zuster Irmbertastraat,6,5988KD,Helden,51.32049372953258,5.990695899608854
Thijssestraat,63,1504LC,Zaandam,52.44118010018017,4.848694930102812
Büttgenbachstraat,59,6462JB,Kerkrade,50.85018790664323,6.070058796161751
Kastanjehof,143,5664RX,Geldrop,51.41696246960169,5.563813247151703
Zuiderzeeweg,14E5,1095KG,Amsterdam,52.36976088972574,4.964123676804004
Potgieterstraat,1BS,3532VN,Utrecht,52.09368899151779,5.101173559588624
Binnendijk,11WEC4,,Nieuw- en Sint Joosland,51.48074340462224,3.693391611903877
Reespoor,31,3766JW,Soest,52.165335053027015,5.2756640612386985
Zutphenseweg,30,7382AM,Klarenbeek,52.188576348706285,6.081883907307131
Frank van Borselenstraat,65,2613NK,Delft,52.00313514993071,4.350713121141581
Holtgesbroek,1005,6546PA,Nijmegen,51.829586355511246,5.77399370586977
Burgemeester Smeijersweg,10,6039HB,Stramproy,51.192356792699584,5.72792032701753
Laan van het Kinholt,463,7823GL,Emmen,52.788257143850046,6.9430906753187385
Schiestraat,22,3812KJ,Amersfoort,52.16153868482581,5.3628022268237245
Prins Bernhardstraat,36,2731BG,Benthuizen,52.07630191150424,4.542324727575409
Rodinweg,37,1328PW,Almere,52.36935453714237,5.2646368784066535
Jacques Dutilhweg,199,3065KA,Rotterdam,51.93038058545197,4.558655233995802
Woolthuisweg,8,8141RX,Heino,52.430852264489936,6.23068668744071
Hoornwerk,144,7201GX,Zutphen,52.13621111357318,6.1948772737563305
Zestienhovensekade,336,3043KZ,Rotterdam,51.93866802851086,4.438528017670232
Pontilijn,25,2728BN,Zoetermeer,52.076191321611205,4.517488713723448
Beeklaan,50B,2201BE,Noordwijk,52.22908358284968,4.443592597637386
Comeniusstraat,7471,1065CE,Amsterdam,52.35888166558888,4.823974746781184
J.J. Wernerstraat,11,1768AX,Barsingerhorn,52.78373318706409,4.863868699329442
Burgemeester van der Werffstraat,74,2581SM,'s-Gravenhage,52.092691923447184,4.269775559924359
Leusderweg,91A,3818AA,Amersfoort,52.14367197400004,5.380093865399381
Carmenlaan,217A,1183SK,Amstelveen,52.29923769261596,4.870712215593011
Vlotlaan,45A,2681RW,Monster,52.017345883713226,4.171467563724707
Duinrell,1S431,2242JP,Wassenaar,52.144568296498,4.3826879263148015
Vorrinklaan,10,3317KZ,Dordrecht,51.79119759033805,4.66917445175835
Vissershavenstraat,6,1976DB,IJmuiden,52.46008351098067,4.597508254147424
Krelis Louwenstraat,5C1,1055KA,Amsterdam,52.38316104738661,4.846184411833865
Aletta Jacobsstraat,107,1963CM,Heemskerk,52.51969802100584,4.684538570690712
Timmerwerf,90,1601LZ,Enkhuizen,52.70446220413292,5.296334457405028
Cloete,11,5688PB,Oirschot,51.509762939696486,5.315266634206399
P.A. van Meverstraat,15,1507XE,Zaandam,52.44768843156344,4.799765813250815
De Réaumurstraat,54,2562TZ,'s-Gravenhage,52.071276931882025,4.2790777138329545
Marskramer,41,6603JE,Wijchen,51.796045391961314,5.738582568239649
Hof van Kingma,38,7642DD,Wierden,52.35349869707507,6.588635132701933
Jan Th. Tooroplaan,3,6717KA,Ede,52.025258230050014,5.668235935681166
Groenestraat,25,4033CP,Lienden,51.952276155916365,5.513361484181795
Spoorwegstraat,119,6828AP,Arnhem,51.98534099227452,5.9167334799153934
Poelestraat,38g,9712KB,Groningen,53.21857339146703,6.570950348343908
Schoolstraat,6,9161BE,Hollum,53.43909933919972,5.639841781886452
S.O.J. Palmelaan,120,9728VC,Groningen,53.19063638116269,6.557421607419307
Bergmolen,37,5472RG,Loosbroek,51.67651296281986,5.511282344825045
Helena Nordheimland,3,1705LM,Heerhugowaard,52.64749344255104,4.820533766534794
Keesomstraat,32D,,Badhoevedorp,52.34025565831865,4.776797903829498
Tiber,10B,2491DH,'s-Gravenhage,52.06667363336714,4.393477732813665
van der Steenstraat,28,5768AK,Meijel,51.34175424954361,5.884223730044185
Ringovenlaan,60,4161BS,Heukelum,51.87088699863553,5.069196916582755
Spechtlaan,135,2261BC,Leidschendam,52.09826986759448,4.389993110702028
Keizersweg,33,7121GN,Aalten,51.91844030794727,6.585652291886284
Remalunet,37C,6221JE,Maastricht,50.84408770044746,5.703173048368428
Tollensstraat,128,2513GE,'s-Gravenhage,52.08110216742435,4.299952359392112
Geraniumstraat,25,7531ZT,Enschede,52.22921701830517,6.908720549681843
Pienemanstraat,23,1072KE,Amsterdam,52.34920676282457,4.889232761072933
Heemraadssingel,184L,3021DM,Rotterdam,51.91544909633619,4.45602427945745
Margrietstraat,65,6191XE,Beek,50.94131752203637,5.788390919858334
Gildelaar,20,4847HW,Teteringen,51.61001039407349,4.815385533612063
Rigtersplein,3,7622LK,Borne,52.30028730127265,6.755887931520034
Marktstraat,30,6074BS,Melick,51.15965344590517,6.015124305489892
Hoofdweg,99C,1058BA,Amsterdam,52.36231425019185,4.852896915482589
Oldenhof,3,9472PP,Zuidlaren,53.08065939054067,6.698221677140831
Binnenkamer,14,4691DG,Tholen,51.53332396398925,4.211099726499931
Grote Bickersstraat,267,1013KP,Amsterdam,52.385858314913335,4.889144333280704
Koningin Wilhelminakade,85,1975GE,IJmuiden,52.460729643934094,4.596183299503639
Eerste Nassaustraat,12,1052BD,Amsterdam,52.38283501719989,4.879866217079788
De Scharcamp,24,8501PT,Joure,52.96761098065678,5.807425020984084
Tolnegenweg,53C30,3776PV,Stroe,52.19300866929988,5.675856398013968
Borneolaan,140,1019KH,Amsterdam,52.37095771517927,4.936505550905109
Eykereind,101,5571EB,Bergeijk,51.32550864356217,5.380193540347102
Liesveld,85,3131CK,Vlaardingen,51.90970297649987,4.341398725878038
Stoofstraat,12,4693BB,Poortvliet,51.54303826490416,4.141704147858741
Gestelseweg,2C,5216VA,'s-Hertogenbosch,51.68446202118847,5.32820823007456
Dukaathof,2,5551VG,Valkenswaard,51.350391815626566,5.425788016703342
Nieuwburen,38,8442CT,Heerenveen,52.9609186689336,5.927504988202189
Musketiersveld,229,7327GT,Apeldoorn,52.18699209118833,6.001847501697828
De Paardengang,2G4,,Hilversum,52.22758137638259,5.179177721341898
Sportweg,67,9695EC,Bellingwolde,53.097436465294415,7.167600564521101
Grondmolen,18,4133EC,Vianen,51.98554857746985,5.077280392702694
Balthasar van der Polweg,547,2628AZ,Delft,51.99635567261045,4.373013573808127
Nicolaïstraat,8,8151BP,Lemelerveld,52.448566454380256,6.345534705535249
Vierambachtsstraat,86B,3023AS,Rotterdam,51.91635522585762,4.449114277075304
Kanunnik van Mulicomstraat,5,6525VK,Nijmegen,51.813570985007445,5.864763577483649
Jan Evertsenplaats,170,3012HW,Rotterdam,51.92052379047652,4.47613097172897
Molenweg,2,6071VZ,Swalmen,51.23779703813233,6.045479985349266
Westduynen,9,4506GR,Cadzand,51.372090090003546,3.3846331503174376
Zwolseweg,16,7142HE,Groenlo,52.02556077298566,6.630600304724347
Pannenhoefsebaan,24,4891ZB,Rijsbergen,51.513438380194366,4.679233327530056
J.A. Kalfflaan,13,1222NZ,Hilversum,52.23754784819658,5.176589803675225
Cornelis Jolstraat,63,2584EM,'s-Gravenhage,52.1034812314264,4.283665122888925
Brederodestraat,59H,1054MS,Amsterdam,52.36142572933974,4.865268806785739
Oude Stationsweg,35,4611BZ,Bergen op Zoom,51.49618737170995,4.294932336284608
Ringweg-Randenbroek,70C,3816CL,Amersfoort,52.14996493969865,5.407434509646171
Van de Spiegelstraat,3C,2518ES,'s-Gravenhage,52.0842495897505,4.296999479092914
Stinzenlaan,4,7392AE,Twello,52.240793293785856,6.120895434007845
Liesbosstraat,18A,4813BD,Breda,51.57742057533854,4.737492148786821
André van der Louwbrug,916,3011WM,Rotterdam,51.91847484614474,4.489443828951965
Oostendorperstraatweg,20T,,Elburg,52.44881566679669,5.86857484911814
Wilhelminastraat,30a,6881LJ,Velp,51.997918689426704,5.971252212218604
Telefoonweg,29,6871KZ,Renkum,51.98792544138268,5.746004402504873
Grutmolen,6,9712ML,Groningen,53.224878943822254,6.565790005264186
Frambozenstraat,13,2564XK,'s-Gravenhage,52.068611454043314,4.25667272654618
Bouwtelaan,35,9686VN,Beerta,53.16731492481455,7.0808425054849735
Campagnestraat,8,5811AR,Castenray,51.48968142509122,6.038959940668553
Europalaan,667,3526KS,Utrecht,52.0738961196187,5.106368854677063
De Klok,153,2231DT,Rijnsburg,52.18707522096908,4.444973807495132
Julianastraat,15ag,,Groningen,53.21013488968416,6.5016493658882775
Bolmanstraat,16,2496RE,'s-Gravenhage,52.04278541643622,4.368594048185908
Visserszijde,21,3211BP,Geervliet,51.86114978796601,4.25555610923794
Santpoorterstraat,59,2023DB,Haarlem,52.39370769762908,4.630062112677472
Korte Loef,30,6581JB,Malden,51.77544802922967,5.851927602462985
Burgemeester Huijbrechtstraat,144,2861DE,Bergambacht,51.93339001200277,4.780888667334405
Dominicushof,66,4001MG,Tiel,51.886575742614056,5.429824540079943
de Savornin Lohmanstraat,354,3752AT,Bunschoten-Spakenburg,52.25252573550159,5.3743728599881
Roskam,57,5505JH,Veldhoven,51.40754220857541,5.376927571749167
Willem de Zwijgerstraat,32,3905EP,Veenendaal,52.0313525411778,5.552680238613609
Kwarts,35,1703XA,Heerhugowaard,52.66378822223694,4.826682520724945
Kesselseweg,24,5953CL,Reuver,51.28168046678138,6.066846335695462
Kranestraat,73,5961GX,Horst,51.44714713854187,6.042681337449959
Federico Fellinistraat,16A,6515LV,Nijmegen,51.88645832591133,5.843868574931974
Poeldijkstraat,502,1059VM,Amsterdam,52.34987433176721,4.8436317404054
Gelrelaan,5,8302KH,Emmeloord,52.71798115874927,5.73754515557216
Fischerstraat,136,2572RE,'s-Gravenhage,52.06541461223132,4.2961255663918765
C. Barendregtlaan,9g,3161HA,Rhoon,51.85922691469278,4.42672696186851
Kardinaal van Rossumstraat,108,5104HN,Dongen,51.62383631598095,4.93601311219051
Dr. Struyckenplein,31,4812TA,Breda,51.57720647211365,4.756094400137463
Stadhuisring,19a,4791HS,Klundert,51.663829269398,4.532289306783919
Stadhuisplein,233,5461KR,Veghel,51.615580010226616,5.546384904198591
Holthuizerdreef,99a,6852JL,Huissen,51.94649849629327,5.925207524661986
Wethâlder Beerdastrjitte,4,9298PW,Kollumersweach,53.264451939902,6.076546461714169
Nijkamp,1N,9281NA,Harkema,53.18348916850145,6.134650952102716
Waarbekenplein,7,7553KK,Hengelo,52.25415549373776,6.798312950144943
Burgemeester Brandtstraat,6,2841XC,Moordrecht,51.98850069133234,4.669818352692625
Stokebrand,329,7206EW,Zutphen,52.1213526760311,6.1962877960968
Nij Toerenburg,2,9076MA,St.-Annaparochie,53.27683537341128,5.66836415129217
Wethouder De Roosplein,132,1107AH,Amsterdam,52.295601696259645,4.9909798933137255
Zuil,75,6641MB,Beuningen Gld,51.862215031446205,5.760346423423769
Gladiusstraat,5,6852SB,Huissen,51.94180186447928,5.920919654192187
Muntstraat,8,6121JL,Born,51.03376489020555,5.806593437675481
Bloemveldlaan,37,2015HB,Haarlem,52.3836870819702,4.601883015499749
Omanstraat,62,2622GZ,Delft,51.97872126606678,4.345361814058914
Inzet,19,1068RC,Amsterdam,52.355539598219536,4.803848423674472
Valeriaanstraat,8,3765EP,Soest,52.16856683791471,5.293100347102837
Boslaan,42,3904KJ,Veenendaal,52.01204331438769,5.54979138049822
Kalverstraat,817,7311SJ,Apeldoorn,52.21164637973898,5.967165572838736
Dahliastraat,6,6026CG,Maarheeze,51.30896852143006,5.612537860367237
Weidestraat,22,5241CB,Rosmalen,51.71231881385106,5.356602926766092
Tasveld,31,6651SN,Druten,51.88635600975641,5.624752993925161
Marijke Meuhof,21,3401RW,IJsselstein,52.015690771512574,5.049583790789533
Lavendelstraat,10,7383XK,Voorst,52.17113794977743,6.13969086094622
Irenelaan,15,5342EK,Oss,51.75774294776674,5.534033917793711
Breestraat,64,2311CS,Leiden,52.15931010276743,4.4890456869324025
Markt,28a,4758BM,Standdaarbuiten,51.61135408128533,4.514403680322883
Droopad,1a,6921BX,Duiven,51.94698607240414,6.023070680795849
Willem van Kesselstraat,58,4827LK,Breda,51.60655302077583,4.795439655983127
Eliotplaats,436,,Rotterdam,51.96046635655813,4.549591700167439
Duindoorn,13,4493RN,Kamperland,51.59458707826498,3.672340499619272
Lavendelstraat,25,5402ZL,Uden,51.66328730239246,5.6242327422636365
Pastorielaan,16,9785AW,Zuidwolde,53.26174269989793,6.59168958472636
Clausstraat,9,5121XN,Rijen,51.59099623887551,4.923210354861795
Hendrik Hamerstraat,245A,3295CK,'s-Gravendeel,51.77728906377595,4.611991678140711
Tarwestraat,19,5351MK,Berghem,51.766699297059816,5.57744899150489
Golsstraat,21,7553MA,Hengelo,52.259148468591775,6.799173019610995
Rondweg,62A,8091XK,Wezep,52.471215267603085,5.996999263192112
Nijhofflaan,95,3319BP,Dordrecht,51.798121738623706,4.698752524882794
Veerweg,32,8262BJ,Kampen,52.56416911164279,5.909746145514314
Galgenbergweg,9RDEN1,6741KJ,Lunteren,52.08081411921006,5.644514386404299
Stoep,29,,Brielle,51.89372943447293,4.168710955177688
Langbos,26,7861BC,Oosterhesselen,52.75610095977088,6.724093574749883
Velder,6,5146HE,Waalwijk,51.67298568676541,5.033548200295374
Boerenweg,30,5944EK,Arcen,51.47984766244175,6.182638717828498
Algenstraat,2,7601CK,Almelo,52.34551062482552,6.666535733277642
Rozemarijntuin,24,9408AG,Assen,53.00005928610615,6.5096257555205534
Bloemenweg,24,7011AJ,Gaanderen,51.931469421717374,6.350291755081964
Draaischijf,3,6596GG,Milsbeek,51.72807653568229,5.950177384815524
Rietgors,124,2991MV,Barendrecht,51.85797515230682,4.5477221799021175
Gijsbreght van Amstelstraat,2,4906JG,Oosterhout,51.65275050347618,4.836135425681719
Tuinstraat,18,5741EM,Beek en Donk,51.53944850508034,5.6335994557183
Biesven,4a,5595DD,Leende,51.35174416290241,5.547331904863951
P.C.Quantstraat,40,4461VD,Goes,51.50215444827694,3.902043682920031
Bundersestraat,3066,5012TB,Tilburg,51.59148275571268,5.105573237083445
Juweellaan,508,2719SX,Zoetermeer,52.038378359053866,4.48053744140579
Laurastraat,7G07,,Hengelo,52.25569884937941,6.772234001802856
Kievitlaan,50,,Goes,51.50571736274153,3.892873244402824
Padbree,11,7481HK,Haaksbergen,52.15097152341309,6.732367501119948
Workumerdijk,9,8754EX,Makkum,53.054137853451024,5.402809996008873
Pastoor van Leijsenstraat,17,4721AR,Schijf,51.49875498026207,4.561904551400441
Klaas van der Meijstrjitte,1A,9045PZ,Bitgummole,53.23399449292584,5.70360626737736
Schrijnwerkersgilde,8,3994XM,Houten,52.03153402305131,5.176864066241174
Burg G van Andellaan,15,3214TA,Zuidland,51.8232400044932,4.251082948098464
Emmastraat,29,2712CX,Zoetermeer,52.05270752752036,4.493585273633808
Lauwers,234,2401BR,Alphen aan den Rijn,52.15128452331282,4.6519305762263885
Jan van Galenstraat,2492,1056BX,Amsterdam,52.37304711603933,4.8512404304766905
Europaweg,30,7903TM,Hoogeveen,52.73645575341452,6.520670033304031
Westkadijk,2a,3861MB,Nijkerk,52.22611590612611,5.482026794707296
Koningsspil,19,1834TG,Sint Pancras,52.662707441881125,4.793362849085565
Diepenheimseweg,44D02,7161LW,Neede,52.18010620378102,6.587474687308229
Diabaas,14,2719RW,Zoetermeer,52.03799607642536,4.47817089319485
Van Walbeeckstraat,141,1058CR,Amsterdam,52.36023974722229,4.85127769536251
Schoolstraat,7,5721AL,Asten,51.40587613012652,5.738856067776171
Cornelie van Zantenstraat,304,2551PT,'s-Gravenhage,52.05579646263924,4.236341459910292
Kalkwijkstraat,16,5045PR,Tilburg,51.57571475121589,5.000634734977892
Spekklef,13,5841CM,Oploo,51.59464874814347,5.8496402737419455
Wederikstraat,29,6832HK,Arnhem,51.96297763709122,5.9159911834433
Belemnieterf,225,6413LZ,Heerlen,50.91240104803231,5.955186978162648
Dorpsstraat,29,4451BA,Heinkenszand,51.47351584301222,3.814051736314224
West-Varkenoordseweg,147,3074HP,Rotterdam,51.8959708052456,4.515450255866143
Ravelijn,30a,4285ED,Woudrichem,51.80731677974326,5.00076652600627
Johannes Vermeerstraat,16,1318JA,Almere,52.38295215279302,5.248694004195187
Verbeetenstraat,34A8,4812XL,Breda,51.5784477045643,4.755911681504074
Molenbeekweg,15,5951NZ,Belfeld,51.31628285306776,6.139114265448124
Herenweg,62,3602AR,Maarssen,52.14117544177999,5.073712973612032
Prins Hendrikkade,82A,3071KE,Rotterdam,51.91306503443142,4.496027374432866
Rozegaarde,51,3075VK,Rotterdam,51.88374444916669,4.512529168154754
Jan Mayenlaan,20,2803XL,Gouda,52.02276776500823,4.696986213662628
Aansteede,4,5051LK,Goirle,51.520908294882986,5.074313606369553
Themislaan,57,1702AT,Heerhugowaard,52.66932564462788,4.828957655475125
Westblaak,32D05,3012KM,Rotterdam,51.91693950100201,4.478130951343187
Piet van der Vossenstraat,1,7041LC,'s-Heerenberg,51.880276220681054,6.25662922229703
Ring,95,3247BN,Dirksland,51.74802552739813,4.100812658624164
Tinweg,6K,8304BP,Emmeloord,52.686042574067606,5.740242230531275
Korenstraat,74,7908NL,Hoogeveen,52.71852063752019,6.442191957784648
Kruisstraat,12A,6301PC,Valkenburg,50.83808277029837,5.833794625127834
Prins Frederik Hendrikstraat,60B,3051ES,Rotterdam,51.94334506906456,4.478265673061051
Witterzomer,1,9405VE,Assen,52.98109015579841,6.515107648661956
Roemer Visscherstraat,314,3132EZ,Vlaardingen,51.91090535124946,4.311998258183835
Jasmijnstraat,1,6163GM,Geleen,50.98152205179564,5.813808066402223
Albert Schweitzersingel,394,3822BZ,Amersfoort,52.18295416225947,5.408468434469377
Berkenplein,300K128,1112CL,Diemen,52.33785271486596,4.957242824577604
Beitelstraat,5,7556ND,Hengelo,52.2806391457558,6.808326630614317
J.H. Egenbergerstraat,9aa,,Groningen,53.204831684778114,6.501801456619199
Dr. Coppesstraat,83,7523EK,Enschede,52.23658890846285,6.887218479339948
Reindersdijk,55469,7751SH,Dalen,52.67554384553466,6.762609042986457
Tuindersweg,4A,9364PT,Nuis,53.154267434901904,6.292263281957632
Emmalaan,33,6571AK,Berg en Dal,51.82741374249777,5.910430938839507
Mariniershof,118,3011NA,Rotterdam,51.92284435418252,4.490501150013862
Rijtuigweg-Zuid,131,4611WR,Bergen op Zoom,51.497640046150494,4.280041780505704
Kikkerveen,240,3205XG,Spijkenisse,51.83514844593001,4.337561026637811
Noordstraat,63,4361BL,Westkapelle,51.52814659009165,3.4372528662217467
Mauritsplein,43,6641BK,Beuningen Gld,51.86190333301323,5.771312688091242
Korenmaat,1,9405TL,Assen,52.97265735284088,6.556603683487466
Edelmanlaan,74,3903XR,Veenendaal,52.01683765177396,5.550525804866524
Nijmansbos,14,7543GJ,Enschede,52.20437181019492,6.867431917113921
Maarten Kruytstraat,2A9,2202GX,Noordwijk,52.2423898397734,4.431746019641715
Roemer Visscherstraat,2,,Waddinxveen,52.05405688163876,4.652026197324128
Bernard van Meursstraat,20,7131XH,Lichtenvoorde,51.98350216601459,6.575389522130823
Prinses Margrietstraat,80,3554GH,Utrecht,52.11272475082463,5.088954051432207
Griend 11,31,8225VG,Lelystad,52.49899680152594,5.481992575493128
Hannemanstraat,174,2526VJ,'s-Gravenhage,52.06921565812014,4.309924201912452
Betouwstraat,47,5931PD,Tegelen,51.33933889887349,6.137454594804754
Oranjestraat,98A,6101HZ,Echt,51.10352158284552,5.879119293762207
Jo van Ammersstraat,2B,5122CK,Rijen,51.58352188330941,4.935342000685393
Gronausestraat,133,7581CE,Losser,52.25750447961833,7.009084043065513
Johanna van Woudelaan,2,1948DE,Beverwijk,52.4901255132416,4.685241024864647
Kasteel-Traverse,84K,5701NR,Helmond,51.47774652706198,5.658698375481895
Fabryksloane,6,9223NJ,Houtigehage,53.15107533717234,6.135836118217401
Overnes,43,3813NS,Amersfoort,52.17452372015375,5.39146326732932
Mussenhaag,10G05,,Maastricht,50.82851569297362,5.721957181650576
Ursulinenhof,11,6001JD,Weert,51.252342044464775,5.706038196260016
De Hezelaar,1,5461EJ,Veghel,51.61811004741676,5.551306000374424
Christiaan Huygenslaan,59,3769XS,Soesterberg,52.11672811690962,5.281118814815025
Leidsevaart,148,2211WD,Noordwijkerhout,52.24910471592879,4.501601561417718
Korenbloemstraat,15g,5741VV,Beek en Donk,51.529235021188335,5.630445690772682
Stiegert,30,7482GD,Haaksbergen,52.15985199813517,6.722141091331298
Nijreesmiddenweg,12,7609PE,Almelo,52.33562063144656,6.661775198811002
De Binge,21,8561EG,Balk,52.898064581066016,5.578639198068188
Wassenaarseweg,377,2596CX,'s-Gravenhage,52.09761955769365,4.335311706571255
Aurora,123,6412GG,Heerlen,50.89283856055972,5.975045035036386
Marquisen,23,3825ZC,Amersfoort,52.18886390286317,5.420481846027514
Delf,17,9932HN,Delfzijl,53.32371473561741,6.897097963338221
Badhuislaan,15,6957DB,Laag-Soeren,52.077581756210215,6.072975274856352
't Hazeveld,93,3862XA,Nijkerk,52.22703601483247,5.496084861781323
Gildenweg,18,4204GH,Gorinchem,51.83634135802617,4.955634846614001
Dirck Boutsstraat,14,5702XX,Helmond,51.48779199181329,5.673551780355273
Academielaan,63,5037EV,Tilburg,51.55856577382444,5.055967397325007
O.C. Huismanstraat,268,6544ZR,Nijmegen,51.8302041973853,5.814735343477608
Nieuw-Eyckholt,290K,6419DJ,Heerlen,50.88196787279666,5.960767733547927
Spijkerboorweg,452,2037EB,Haarlem,52.360065494045855,4.661121596190386
Edisonplantsoen,583T,,Leiden,52.16753098723605,4.495653306161952
Rhijnvis Feithlaan,16,8021AK,Zwolle,52.51470734662162,6.105521518285565
Pommer,14,6361VB,Nuth,50.91378664523824,5.887967533404878
Bosboom-Toussaintplein,188,2624DM,Delft,51.994491401713695,4.357400976187044
Boslaan,109,8253AJ,Dronten,52.57469957104185,5.758399830888044
Meidoorn,9,3171NB,Poortugaal,51.85254597439534,4.402488936772231
Marsweg,10,7314KD,Apeldoorn,52.21708991826717,5.942092778270176
Achter de Linde,6,5825CK,Overloon,51.57018909882856,5.946580831699465
Willem Tellstraat,13J,8162ET,Epe,52.34930976303189,5.9815647819371165
Merelstraat,5013,5022BV,Tilburg,51.54295395073592,5.096696928900744
Voorde,5,7218AP,Almen,52.1573802157167,6.296905329180022
Meijerslaan,278,2105PM,Heemstede,52.35317645381651,4.611092644749861
Jacob Oppenheimstraat,54G37,,Eindhoven,51.440281610719445,5.44370739057405
de Aak,5,3742GT,Baarn,52.20460414012323,5.302022954326519
Tilkamp,25,9412BB,Beilen,52.8704956693057,6.515949108258343
Vreelandseweg,87,1393PE,Nigtevecht,52.25887222375463,5.031627335116527
Vredeoord,132,2544TZ,'s-Gravenhage,52.043872290568345,4.256160183739079
Zweelerbrink,211,7812JG,Emmen,52.76125577112525,6.887829322923704
Nieuwstraat,34,8401CP,Gorredijk,52.99992435665078,6.065819642308075
Henegouwerlaan,56A,3014CD,Rotterdam,51.92123451207552,4.4634945988904144
Looierstraat,16,5612BR,Eindhoven,51.45133052373204,5.476167669776946
Marga Klompéhoeve,14,2743HX,Waddinxveen,52.035522707871685,4.634232618557495
Oosterstraat,56A,9989AE,Warffum,53.39517877004221,6.560374817727428
Roggemole,530002,8531WB,Lemmer,52.85765149020647,5.722167840777313
Titostraat,38,1314TC,Almere,52.37772284624736,5.217929152706365
Prins Bernhardstraat,14,7081CT,Gendringen,51.86892438178983,6.379342058435199
Pluut,20,8531CD,Lemmer,52.839703555526256,5.72244086448896
de Bezembinder,7,5591MJ,Heeze,51.38657272159054,5.561762606720561
Lorentzlaan,50,2105TV,Heemstede,52.350933452724725,4.603840436456847
Nachtegaalstraat,9,4131CC,Vianen,51.993550723579325,5.106228284302538
Hudsonstraat,152H,1057ST,Amsterdam,52.36956577364652,4.852545270785143
Nachtegaalstraat,86,9422KP,Smilde,52.95066569725241,6.452909821456117
Hobbemastraat,4,7556WP,Hengelo,52.276539267779015,6.7854241261675154
Havendijk,6309,5017AL,Tilburg,51.553257681031255,5.099732716141856
Oudelandhof,2,2691ZD,'s-Gravenzande,52.0014231130942,4.166404244714726
Daal en Bergselaan,44,2565AD,'s-Gravenhage,52.07579024911263,4.251827808384052
Gouvernestraat,75B,3014PK,Rotterdam,51.91865574074357,4.469278874692917
Donkerpeelkensweg,2,5768PS,Meijel,51.33472700225333,5.872014184733305
Havikskruidstraat,2,5262DG,Vught,51.641097952404415,5.276537160000304
Nummer II-Straat,124,6461JE,Kerkrade,50.86239009005437,6.078759964924211
Midwoldastraat,3,6835CC,Arnhem,51.951515243925,5.90386439039122
Ittersbergstraat,11,7595AJ,Weerselo,52.35187390865003,6.854730003828381
Lise Meitnerweg,222,2333CZ,Leiden,52.165873768291895,4.462327109871044
Jutestraat,7,8281JS,Genemuiden,52.62346192344927,6.059681170680689
Kraaijenberg,9008,6601PR,Wijchen,51.810145784812896,5.705773757319068
Jan Kruijffstraat,302,3026VP,Rotterdam,51.910400945506446,4.446244139591035
Kempenaarkade,89,5705KN,Helmond,51.47141048575397,5.656802185792207
Rijnland,57,2064SE,Spaarndam,52.41016117199023,4.68046795215566
Pijlstaart,13,3225CD,Hellevoetsluis,51.830316102446574,4.156309546645959
Illegaliteitslaan,1c,9727EA,Groningen,53.20876844096805,6.555225996395526
Bermdijk,21,3079TM,Rotterdam,51.87535908197181,4.543504171891371
Prof. Oudlaan,14,3445CP,Woerden,52.09213811516203,4.902781739336385
Cello,1,5231DG,'s-Hertogenbosch,51.714273626212574,5.301727033686015
Alexanderhof,6,7075AP,Etten,51.91778697839986,6.331763943695568
Erasmusstraat,14,2251BZ,Voorschoten,52.126026960773615,4.446073932726721
Benkoelenstraat,24,2022PK,Haarlem,52.40652316374962,4.652321789648624
Klokbekerweg,82,8081JH,Elburg,52.44765177254834,5.85029043805632
Breedveldsingel,61,3055PJ,Rotterdam,51.955531659738206,4.503418130513101
De Kwinkelier,14,3722AP,Bilthoven,52.12779074358905,5.209662741266777
Bovenkruier,7,7751DT,Dalen,52.69627383943406,6.747152840385239
Meeslaan,14,2613ZD,Delft,52.01425366498919,4.339434871339535
Müllerkade,691,3024EP,Rotterdam,51.90261679762076,4.465051278636828
Nadinegang,27,2719CZ,Zoetermeer,52.04454114089107,4.479747936429188
Avondroodvlinder,5,7534LK,Enschede,52.21277540840355,6.959681269804324
Leoniden,51,1562WZ,Krommenie,52.500353456191874,4.755606437475102
Hongarenburg,29,2591VH,'s-Gravenhage,52.0885915116725,4.35852505264419
Spinozastraat,17,2984GJ,Ridderkerk,51.86887866237884,4.614581993835494
Zwaluwstraat,162,3853CK,Ermelo,52.29617219027475,5.599995799473144
Rosendaalseweg,617,6824KL,Arnhem,51.998639124387296,5.939782244791617
Witte de Withstraat,17,3454XK,De Meern,52.07623487673243,5.03967839066638
Schoutendreef,387,2542LL,'s-Gravenhage,52.03056213291509,4.259228094315568
Hazeleger,7,3871CT,Hoevelaken,52.17117382525414,5.465411627432474
Grotebrugse Grintweg,220,4005AP,Tiel,51.8984977443026,5.443683329671433
Noordwal,48,7491BK,Delden,52.26376399642287,6.7109313435420495
Blauwe Reiger,19,1616GH,Hoogkarspel,52.69181716425588,5.17048062028567
Middendorpstraat,2,5045JC,Tilburg,51.58857300891397,4.998411352966447
Franseweg,1,3921DD,Elst Ut,51.98566781901274,5.507716045778347
Kamilleweg,26,6596BH,Milsbeek,51.72793109795026,5.946767185946511
Arent Krijtsstraat,8II,1111AL,Diemen,52.3400029552484,4.955725650683992
Burgemeester Freijterslaan,587,4703EM,Roosendaal,51.53234096971589,4.436057528579735
Baarskampstraat,18A1,5995AV,Kessel,51.29238745411793,6.0486269207981485
Maartenbroersweg,18,4417BL,Hansweert,51.44917718957539,4.003589475080949
Voorstreek,71,9101BC,Dokkum,53.326598000490335,5.986975610787384
Barnsteenstraat,41,2403BW,Alphen aan den Rijn,52.14044259223419,4.681036586359225
Textielplein,64,5046RK,Tilburg,51.57321688688344,5.075036996876125
Alexander Flemingstraat,36,2035ED,Haarlem,52.36257633889684,4.657883779999058
Kuilsenhofweg,43,1104PJ,Amsterdam,52.3163286985276,4.967857876523599
Boksheidsedijk,4d,5521PR,Eersel,51.34931463729971,5.312392263358733
Jacobus van Waertstraat,26,1551CK,Westzaan,52.46530280425272,4.7746336017909154
Zwaanstraat,10,2971BA,Bleskensgraaf ca,51.8734848542906,4.783376268829674
Zwaanshals,19C,3036KB,Rotterdam,51.93920764420328,4.48441268714296
Hoekstraat,5,8021CR,Zwolle,52.51748919338145,6.101199323645373
Oudaen,58,8219AB,Lelystad,52.49270582589634,5.514757878490285
Vuursteen,2,5453LZ,Langenboom,51.700033878592464,5.731638369614752
Wambacherhof,10,5932GC,Tegelen,51.32940519254056,6.156551229329084
Oude Baan,68,5953AS,Reuver,51.291206548653655,6.08244276664248
Chr. Huygensstraat,11,1171XL,Badhoevedorp,52.34248803899568,4.782091569370193
Kaalbertlanden,42,7542HT,Enschede,52.19112887513769,6.894488272264653
Pruimengaarde,27,3124WN,Schiedam,51.93968470427192,4.382708352925961
Emiliahof,7,3062HT,Rotterdam,51.92676811571251,4.521022735896255
't Ompad,37,9675AL,Winschoten,53.14812820719837,7.038877468549584
Schoener,19,1276CZ,Huizen,52.29328176264173,5.255520956227157
Zeedijk,35B,7397NS,Nijbroek,52.294742139400114,6.075440617793223
Hoogkamerlaan,116,2284GP,Rijswijk,52.0389768130478,4.319034766142159
S.O.J. Palmelaan,229,9728VJ,Groningen,53.18813868738155,6.5553785947716525
Spaanse Aakstraat,19,9741CT,Groningen,53.23108022492457,6.556150636224838
Roggekamp,58,2592VA,'s-Gravenhage,52.09120484390646,4.3490062802740335
Nico Kolenbergstraat,40,1614KP,Lutjebroek,52.70064025216069,5.207893149864399
Schoolstraat,38,5476KK,Vorstenbosch,51.652261431848046,5.546980965493424
Mijnsherenplein,42A03,3081CS,Rotterdam,51.89320674696248,4.491298983183949
Bladderswijk OZ,59,7885TJ,Nieuw-Dordrecht,52.74043548080379,6.944799746290236
Parkstraat,48,5671GH,Nuenen,51.471099294295335,5.545060583123834
Dijkmeesterpad,29,3077GS,Rotterdam,51.899195897688834,4.569521305655682
Frans Halsstraat,24A,6961ZB,Eerbeek,52.10464441291157,6.051447547698624
Kleverparkweg,15A0104,2023CA,Haarlem,52.3915259205513,4.631728613502641
Brandhofstraat,43,6372KA,Landgraaf,50.89062673622888,6.011017138342167
Dorsvloerweg,103,2661MM,Bergschenhoek,51.98409852074111,4.508189624742892
Delta Boulevard,62,3241PB,Middelharnis,51.75999972423544,4.181971063273088
Wagenaarstraat,32F,1093CR,Amsterdam,52.362781688975424,4.925563073270799
Grotebrugse Grintweg,26,4005AH,Tiel,51.88997694471212,5.44041521133656
Zaagmolen,16,2924BP,Krimpen aan den IJssel,51.92408010085108,4.616993241260436
Frederik van Eedenplaats,191,2902VD,Capelle aan den IJssel,51.92781550527512,4.57674322667774
Meilust,5,1567BK,Assendelft,52.48517292531524,4.752142855654252
Alexanderstraat,6,9724JW,Groningen,53.210309146356735,6.5780704810160096
Botenmakersstraat,119,1506TC,Zaandam,52.44131146880239,4.817205060078084
J.M. den Uylstraat,103,1067WB,Amsterdam,52.38130163637129,4.790041190914224
Oldenzaalsestraat,109702,7514DP,Enschede,52.223999497691686,6.8988752643730935
